{
  "losses": [
    0.9933415532112122,
    0.9672254681587219,
    0.9439387679100036,
    0.9187591791152954,
    0.8963411450386047,
    0.8767341375350952,
    0.8528570175170899,
    0.8438532710075378,
    0.826180899143219,
    0.800723385810852,
    0.7813323736190796,
    0.7692927479743957,
    0.7543092608451843,
    0.7293757915496826,
    0.7250005722045898,
    0.7023411393165588,
    0.690744960308075,
    0.6741204619407654,
    0.6603421807289124,
    0.6607956647872925,
    0.6499666929244995,
    0.6359224081039428,
    0.61690593957901,
    0.6125539302825928,
    0.5868731141090393,
    0.5903317928314209,
    0.5628487348556519,
    0.5673962473869324,
    0.5488043665885926,
    0.533447003364563,
    0.5371889531612396,
    0.5277664661407471,
    0.5221487522125244,
    0.49994016289710996,
    0.49146275520324706,
    0.49914670586585996,
    0.4697428047657013,
    0.4544626474380493,
    0.4581606864929199,
    0.45960953235626223,
    0.4409131407737732,
    0.43236082792282104,
    0.423509407043457,
    0.4188824653625488,
    0.4064777672290802,
    0.4087643027305603,
    0.39552614092826843,
    0.38256665468215945,
    0.369683051109314,
    0.36095038056373596
  ],
  "metrics": {
    "both": {
      "optimistic": {
        "adjusted_arithmetic_mean_rank": 0.6571284092033375,
        "adjusted_arithmetic_mean_rank_index": 0.34394539219037756,
        "adjusted_geometric_mean_rank_index": 0.7878546609091208,
        "adjusted_hits_at_k": 0.2916456853027279,
        "adjusted_inverse_harmonic_mean_rank": 0.171282406005652,
        "arithmetic_mean_rank": 210.48239436619718,
        "count": 284.0,
        "geometric_mean_rank": 50.91288000752926,
        "harmonic_mean_rank": 5.541268107348001,
        "hits_at_1": 0.12323943661971831,
        "hits_at_10": 0.3028169014084507,
        "hits_at_3": 0.19718309859154928,
        "hits_at_5": 0.2147887323943662,
        "inverse_arithmetic_mean_rank": 0.004750991183900162,
        "inverse_geometric_mean_rank": 0.019641395258962267,
        "inverse_harmonic_mean_rank": 0.18046410688447823,
        "inverse_median_rank": 0.00909090909090909,
        "median_absolute_deviation": 161.6036418171106,
        "median_rank": 110.0,
        "standard_deviation": 212.94382741395353,
        "variance": 45345.07363370363,
        "z_arithmetic_mean_rank": 9.987738577646109,
        "z_geometric_mean_rank": 13.53577321744405,
        "z_hits_at_k": 38.830590626635974,
        "z_inverse_harmonic_mean_rank": 57.459395383272124
      },
      "pessimistic": {
        "adjusted_arithmetic_mean_rank": 0.6571284092033375,
        "adjusted_arithmetic_mean_rank_index": 0.34394539219037756,
        "adjusted_geometric_mean_rank_index": 0.7878546609091208,
        "adjusted_hits_at_k": 0.2916456853027279,
        "adjusted_inverse_harmonic_mean_rank": 0.171282406005652,
        "arithmetic_mean_rank": 210.48239436619718,
        "count": 284.0,
        "geometric_mean_rank": 50.91288000752926,
        "harmonic_mean_rank": 5.541268107348001,
        "hits_at_1": 0.12323943661971831,
        "hits_at_10": 0.3028169014084507,
        "hits_at_3": 0.19718309859154928,
        "hits_at_5": 0.2147887323943662,
        "inverse_arithmetic_mean_rank": 0.004750991183900162,
        "inverse_geometric_mean_rank": 0.019641395258962267,
        "inverse_harmonic_mean_rank": 0.18046410688447823,
        "inverse_median_rank": 0.00909090909090909,
        "median_absolute_deviation": 161.6036418171106,
        "median_rank": 110.0,
        "standard_deviation": 212.94382741395353,
        "variance": 45345.07363370363,
        "z_arithmetic_mean_rank": 9.987738577646109,
        "z_geometric_mean_rank": 13.53577321744405,
        "z_hits_at_k": 38.830590626635974,
        "z_inverse_harmonic_mean_rank": 57.459395383272124
      },
      "realistic": {
        "adjusted_arithmetic_mean_rank": 0.657128399809907,
        "adjusted_arithmetic_mean_rank_index": 0.3439454016132263,
        "adjusted_geometric_mean_rank_index": 0.7878547098207543,
        "adjusted_hits_at_k": 0.2916456853027279,
        "adjusted_inverse_harmonic_mean_rank": 0.17128240290475746,
        "arithmetic_mean_rank": 210.48239135742188,
        "count": 284.0,
        "geometric_mean_rank": 50.91286849975586,
        "harmonic_mean_rank": 5.541268348693848,
        "hits_at_1": 0.12323943661971831,
        "hits_at_10": 0.3028169014084507,
        "hits_at_3": 0.19718309859154928,
        "hits_at_5": 0.2147887323943662,
        "inverse_arithmetic_mean_rank": 0.004750991240143776,
        "inverse_geometric_mean_rank": 0.019641399383544922,
        "inverse_harmonic_mean_rank": 0.18046410381793976,
        "inverse_median_rank": 0.00909090880304575,
        "median_absolute_deviation": 161.6036376953125,
        "median_rank": 110.0,
        "standard_deviation": 212.94383239746094,
        "variance": 45345.07421875,
        "z_arithmetic_mean_rank": 9.9877388512737,
        "z_geometric_mean_rank": 13.535774057772615,
        "z_hits_at_k": 38.830590626635974,
        "z_inverse_harmonic_mean_rank": 57.459394343027945
      }
    },
    "head": {
      "optimistic": {
        "adjusted_arithmetic_mean_rank": 0.7830951709781643,
        "adjusted_arithmetic_mean_rank_index": 0.21757476889613914,
        "adjusted_geometric_mean_rank_index": 0.769131995597553,
        "adjusted_hits_at_k": 0.3061765352250119,
        "adjusted_inverse_harmonic_mean_rank": 0.23590475601427296,
        "arithmetic_mean_rank": 254.32394366197184,
        "count": 142.0,
        "geometric_mean_rank": 56.32577797337622,
        "harmonic_mean_rank": 4.0944966303644454,
        "hits_at_1": 0.20422535211267606,
        "hits_at_10": 0.31690140845070425,
        "hits_at_3": 0.2605633802816901,
        "hits_at_5": 0.2746478873239437,
        "inverse_arithmetic_mean_rank": 0.003931993132857064,
        "inverse_geometric_mean_rank": 0.017753860416675912,
        "inverse_harmonic_mean_rank": 0.2442302657142476,
        "inverse_median_rank": 0.004282655246252677,
        "median_absolute_deviation": 343.2224135840469,
        "median_rank": 233.5,
        "standard_deviation": 226.7746461378044,
        "variance": 51426.7401309264,
        "z_arithmetic_mean_rank": 4.478846771051529,
        "z_geometric_mean_rank": 9.363134957568775,
        "z_hits_at_k": 29.118654756895545,
        "z_inverse_harmonic_mean_rank": 56.506244519609396
      },
      "pessimistic": {
        "adjusted_arithmetic_mean_rank": 0.7830951709781643,
        "adjusted_arithmetic_mean_rank_index": 0.21757476889613914,
        "adjusted_geometric_mean_rank_index": 0.769131995597553,
        "adjusted_hits_at_k": 0.3061765352250119,
        "adjusted_inverse_harmonic_mean_rank": 0.23590475601427296,
        "arithmetic_mean_rank": 254.32394366197184,
        "count": 142.0,
        "geometric_mean_rank": 56.32577797337622,
        "harmonic_mean_rank": 4.0944966303644454,
        "hits_at_1": 0.20422535211267606,
        "hits_at_10": 0.31690140845070425,
        "hits_at_3": 0.2605633802816901,
        "hits_at_5": 0.2746478873239437,
        "inverse_arithmetic_mean_rank": 0.003931993132857064,
        "inverse_geometric_mean_rank": 0.017753860416675912,
        "inverse_harmonic_mean_rank": 0.2442302657142476,
        "inverse_median_rank": 0.004282655246252677,
        "median_absolute_deviation": 343.2224135840469,
        "median_rank": 233.5,
        "standard_deviation": 226.7746461378044,
        "variance": 51426.7401309264,
        "z_arithmetic_mean_rank": 4.478846771051529,
        "z_geometric_mean_rank": 9.363134957568775,
        "z_hits_at_k": 29.118654756895545,
        "z_inverse_harmonic_mean_rank": 56.506244519609396
      },
      "realistic": {
        "adjusted_arithmetic_mean_rank": 0.7830951723016492,
        "adjusted_arithmetic_mean_rank_index": 0.21757476756856642,
        "adjusted_geometric_mean_rank_index": 0.7691320073938422,