{
  "TransE": {
    "MRR": 0.07213028520345688,
    "Hits@1": 0.0,
    "Hits@3": 0.10211267605633803,
    "Hits@10": 0.1936619718309859
  },
  "RotatE": {
    "MRR": 0.18046410381793976,
    "Hits@1": 0.12323943661971831,
    "Hits@3": 0.19718309859154928,
    "Hits@10": 0.3028169014084507
  }
}