{
  "MRR": 0.07929494231939316,
  "Hits@10": 0.20567375886524822
}