{
  "losses": [
    1.0958178997039796,
    1.0082536816596985,
    0.8540883779525756,
    0.7927064895629883,
    0.684661602973938,
    0.6274444460868835,
    0.5581405997276306,
    0.5044881999492645,
    0.44912707805633545,
    0.4336510360240936,
    0.4003814995288849,
    0.35790613293647766,
    0.3254125714302063,
    0.30387440919876096,
    0.25817998349666593,
    0.28246132135391233,
    0.26158141195774076,
    0.24717989265918733,
    0.21459808051586152,
    0.2294448882341385,
    0.18405755758285522,
    0.21608133912086486,
    0.1900440812110901,
    0.1688113898038864,
    0.13726938962936402,
    0.15063343346118926,
    0.14949967861175537,
    0.14196794480085373,
    0.1483075350522995,
    0.13145461902022362,
    0.1383315607905388,
    0.10831101834774018,
    0.11452282220125198,
    0.10050718933343887,
    0.11466820389032364,
    0.1158769115805626,
    0.10885873883962631,
    0.10184134989976883,
    0.0898967482149601,
    0.1066181018948555,
    0.09820840358734131,
    0.09170560240745544,
    0.08610202223062516,
    0.08434625715017319,
    0.10265408754348755,
    0.07417824640870094,
    0.08728074803948402,
    0.08295645415782929,
    0.08649789243936538,
    0.06092757657170296
  ],
  "metrics": {
    "both": {
      "optimistic": {
        "adjusted_arithmetic_mean_rank": 0.4453030804345023,
        "adjusted_arithmetic_mean_rank_index": 0.5564569210430086,
        "adjusted_geometric_mean_rank_index": 0.7735236901841741,
        "adjusted_hits_at_k": 0.1927702033581856,
        "adjusted_inverse_harmonic_mean_rank": 0.06885872298274545,
        "arithmetic_mean_rank": 140.79078014184398,
        "count": 282.0,
        "geometric_mean_rank": 53.58535423252843,
        "harmonic_mean_rank": 12.61114577217071,
        "hits_at_1": 0.0,
        "hits_at_10": 0.20567375886524822,
        "hits_at_3": 0.11347517730496454,
        "hits_at_5": 0.1347517730496454,
        "inverse_arithmetic_mean_rank": 0.007102737828375689,
        "inverse_geometric_mean_rank": 0.018661815608432806,
        "inverse_harmonic_mean_rank": 0.07929493624653215,
        "inverse_median_rank": 0.013071895424836602,
        "median_absolute_deviation": 101.55825196763374,
        "median_rank": 76.5,
        "standard_deviation": 160.84134573098578,
        "variance": 25869.9384965545,
        "z_arithmetic_mean_rank": 16.098480770636556,
        "z_geometric_mean_rank": 13.244923514378694,
        "z_hits_at_k": 25.40082773551331,
        "z_inverse_harmonic_mean_rank": 22.866379266978647
      },
      "pessimistic": {
        "adjusted_arithmetic_mean_rank": 0.4453030804345023,
        "adjusted_arithmetic_mean_rank_index": 0.5564569210430086,
        "adjusted_geometric_mean_rank_index": 0.7735236901841741,
        "adjusted_hits_at_k": 0.1927702033581856,
        "adjusted_inverse_harmonic_mean_rank": 0.06885872298274545,
        "arithmetic_mean_rank": 140.79078014184398,
        "count": 282.0,
        "geometric_mean_rank": 53.58535423252843,
        "harmonic_mean_rank": 12.61114577217071,
        "hits_at_1": 0.0,
        "hits_at_10": 0.20567375886524822,
        "hits_at_3": 0.11347517730496454,
        "hits_at_5": 0.1347517730496454,
        "inverse_arithmetic_mean_rank": 0.007102737828375689,
        "inverse_geometric_mean_rank": 0.018661815608432806,
        "inverse_harmonic_mean_rank": 0.07929493624653215,
        "inverse_median_rank": 0.013071895424836602,
        "median_absolute_deviation": 101.55825196763374,
        "median_rank": 76.5,
        "standard_deviation": 160.84134573098578,
        "variance": 25869.9384965545,
        "z_arithmetic_mean_rank": 16.098480770636556,
        "z_geometric_mean_rank": 13.244923514378694,
        "z_hits_at_k": 25.40082773551331,
        "z_inverse_harmonic_mean_rank": 22.866379266978647
      },
      "realistic": {
        "adjusted_arithmetic_mean_rank": 0.4453031013136264,
        "adjusted_arithmetic_mean_rank_index": 0.556456900097637,
        "adjusted_geometric_mean_rank_index": 0.7735237246845059,
        "adjusted_hits_at_k": 0.1927702033581856,
        "adjusted_inverse_harmonic_mean_rank": 0.06885872912444248,
        "arithmetic_mean_rank": 140.79078674316406,
        "count": 282.0,
        "geometric_mean_rank": 53.58534622192383,
        "harmonic_mean_rank": 12.61114501953125,
        "hits_at_1": 0.0,
        "hits_at_10": 0.20567375886524822,
        "hits_at_3": 0.11347517730496454,
        "hits_at_5": 0.1347517730496454,
        "inverse_arithmetic_mean_rank": 0.007102737668901682,
        "inverse_geometric_mean_rank": 0.01866181753575802,
        "inverse_harmonic_mean_rank": 0.07929494231939316,
        "inverse_median_rank": 0.013071895577013493,
        "median_absolute_deviation": 101.5582504272461,
        "median_rank": 76.5,
        "standard_deviation": 160.8413543701172,
        "variance": 25869.939453125,
        "z_arithmetic_mean_rank": 16.0984801646801,
        "z_geometric_mean_rank": 13.244924105122408,
        "z_hits_at_k": 25.40082773551331,
        "z_inverse_harmonic_mean_rank": 22.866381306493288
      }
    },
    "head": {
      "optimistic": {
        "adjusted_arithmetic_mean_rank": 0.5178974737514735,
        "adjusted_arithmetic_mean_rank_index": 0.4836050174062,
        "adjusted_geometric_mean_rank_index": 0.7484145858893675,
        "adjusted_hits_at_k": 0.18588996004032726,
        "adjusted_inverse_harmonic_mean_rank": 0.07051297373235174,
        "arithmetic_mean_rank": 166.6950354609929,
        "count": 141.0,
        "geometric_mean_rank": 60.76706611644619,
        "harmonic_mean_rank": 12.389256376973757,
        "hits_at_1": 0.0,
        "hits_at_10": 0.19858156028368795,
        "hits_at_3": 0.12056737588652482,
        "hits_at_5": 0.15602836879432624,
        "inverse_arithmetic_mean_rank": 0.005998978897208986,
        "inverse_geometric_mean_rank": 0.016456282389604407,
        "inverse_harmonic_mean_rank": 0.08071509456036162,
        "inverse_median_rank": 0.010101010101010102,
        "median_absolute_deviation": 137.88200632102098,
        "median_rank": 99.0,
        "standard_deviation": 178.58938772496384,
        "variance": 31894.169407977464,
        "z_arithmetic_mean_rank": 9.921851080271585,
        "z_geometric_mean_rank": 9.07993834611865,
        "z_hits_at_k": 17.5406063500296,
        "z_inverse_harmonic_mean_rank": 16.760116582369577
      },
      "pessimistic": {
        "adjusted_arithmetic_mean_rank": 0.5178974737514735,
        "adjusted_arithmetic_mean_rank_index": 0.4836050174062,
        "adjusted_geometric_mean_rank_index": 0.7484145858893675,
        "adjusted_hits_at_k": 0.18588996004032726,
        "adjusted_inverse_harmonic_mean_rank": 0.07051297373235174,
        "arithmetic_mean_rank": 166.6950354609929,
        "count": 141.0,
        "geometric_mean_rank": 60.76706611644619,
        "harmonic_mean_rank": 12.389256376973757,
        "hits_at_1": 0.0,
        "hits_at_10": 0.19858156028368795,
        "hits_at_3": 0.12056737588652482,
        "hits_at_5": 0.15602836879432624,
        "inverse_arithmetic_mean_rank": 0.005998978897208986,
        "inverse_geometric_mean_rank": 0.016456282389604407,
        "inverse_harmonic_mean_rank": 0.08071509456036162,
        "inverse_median_rank": 0.010101010101010102,
        "median_absolute_deviation": 137.88200632102098,
        "median_rank": 99.0,
        "standard_deviation": 178.58938772496384,
        "variance": 31894.169407977464,
        "z_arithmetic_mean_rank": 9.921851080271585,
        "z_geometric_mean_rank": 9.07993834611865,
        "z_hits_at_k": 17.5406063500296,
        "z_inverse_harmonic_mean_rank": 16.760116582369577
      },
      "realistic": {
        "adjusted_arithmetic_mean_rank": 0.5178974811482887,
        "adjusted_arithmetic_mean_rank_index": 0.4836050099863324,
        "adjusted_geometric_mean_rank_index": 0.7484145662994381,
        "adjusted_hits_at_k": 0.18588996004032726,