{
  "losses": [
    1.0754539489746093,
    0.8856158256530762,
    0.8308090686798095,
    0.7522244930267334,
    0.6812105298042297,
    0.6098433136940002,
    0.574478828907013,
    0.5310537099838257,
    0.4421983242034912,
    0.4328149676322937,
    0.37994512915611267,
    0.350922155380249,
    0.36231750845909116,
    0.31124046444892883,
    0.3003650426864624,
    0.2615304499864578,
    0.2729903906583786,
    0.24739482402801513,
    0.21260777711868287,
    0.22781801223754883,
    0.21012868881225585,
    0.2108910083770752,
    0.1995122879743576,
    0.1712447375059128,
    0.15788285732269286,
    0.18038956820964813,
    0.15877749621868134,
    0.1580641120672226,
    0.1679213672876358,
    0.14302298724651336,
    0.13147428184747695,
    0.11692576259374618,
    0.11264450252056121,
    0.1212596207857132,
    0.10519841313362122,
    0.10456703007221221,
    0.10767598748207093,
    0.10050299018621445,
    0.09321794062852859,
    0.09113636761903762,
    0.09341571778059006,
    0.0923867642879486,
    0.10649344921112061,
    0.06689125299453735,
    0.08340358883142471,
    0.08834880292415619,
    0.07512074261903763,
    0.06433864273130893,
    0.07362065389752388,
    0.08031550198793411
  ],
  "metrics": {
    "both": {
      "optimistic": {
        "adjusted_arithmetic_mean_rank": 0.5494959710664307,
        "adjusted_arithmetic_mean_rank_index": 0.4519149123871069,
        "adjusted_geometric_mean_rank_index": 0.7254289280459285,
        "adjusted_hits_at_k": 0.1807417269410338,
        "adjusted_inverse_harmonic_mean_rank": 0.06173486633795747,
        "arithmetic_mean_rank": 176.00704225352112,
        "count": 284.0,
        "geometric_mean_rank": 65.60020770058703,
        "harmonic_mean_rank": 13.863801343838643,
        "hits_at_1": 0.0,
        "hits_at_10": 0.1936619718309859,
        "hits_at_3": 0.10211267605633803,
        "hits_at_5": 0.1443661971830986,
        "inverse_arithmetic_mean_rank": 0.005681590845436723,
        "inverse_geometric_mean_rank": 0.015243854174428953,
        "inverse_harmonic_mean_rank": 0.07213028917530043,
        "inverse_median_rank": 0.010638297872340425,
        "median_absolute_deviation": 131.95159744699856,
        "median_rank": 94.0,
        "standard_deviation": 186.04964869999776,
        "variance": 34614.471781392574,
        "z_arithmetic_mean_rank": 13.123036699279105,
        "z_geometric_mean_rank": 12.463265044434223,
        "z_hits_at_k": 24.064501419637015,
        "z_inverse_harmonic_mean_rank": 20.709938496129613
      },
      "pessimistic": {
        "adjusted_arithmetic_mean_rank": 0.5494959710664307,
        "adjusted_arithmetic_mean_rank_index": 0.4519149123871069,
        "adjusted_geometric_mean_rank_index": 0.7254289280459285,
        "adjusted_hits_at_k": 0.1807417269410338,
        "adjusted_inverse_harmonic_mean_rank": 0.06173486633795747,
        "arithmetic_mean_rank": 176.00704225352112,
        "count": 284.0,
        "geometric_mean_rank": 65.60020770058703,
        "harmonic_mean_rank": 13.863801343838643,
        "hits_at_1": 0.0,
        "hits_at_10": 0.1936619718309859,
        "hits_at_3": 0.10211267605633803,
        "hits_at_5": 0.1443661971830986,
        "inverse_arithmetic_mean_rank": 0.005681590845436723,
        "inverse_geometric_mean_rank": 0.015243854174428953,
        "inverse_harmonic_mean_rank": 0.07213028917530043,
        "inverse_median_rank": 0.010638297872340425,
        "median_absolute_deviation": 131.95159744699856,
        "median_rank": 94.0,
        "standard_deviation": 186.04964869999776,
        "variance": 34614.471781392574,
        "z_arithmetic_mean_rank": 13.123036699279105,
        "z_geometric_mean_rank": 12.463265044434223,
        "z_hits_at_k": 24.064501419637015,
        "z_inverse_harmonic_mean_rank": 20.709938496129613
      },
      "realistic": {
        "adjusted_arithmetic_mean_rank": 0.5494959938790475,
        "adjusted_arithmetic_mean_rank_index": 0.4519148895030457,
        "adjusted_geometric_mean_rank_index": 0.7254288769317743,
        "adjusted_hits_at_k": 0.1807417269410338,
        "adjusted_inverse_harmonic_mean_rank": 0.06173486232161522,
        "arithmetic_mean_rank": 176.00704956054688,
        "count": 284.0,
        "geometric_mean_rank": 65.6002197265625,
        "harmonic_mean_rank": 13.863801956176758,
        "hits_at_1": 0.0,
        "hits_at_10": 0.1936619718309859,
        "hits_at_3": 0.10211267605633803,
        "hits_at_5": 0.1443661971830986,
        "inverse_arithmetic_mean_rank": 0.0056815906427800655,
        "inverse_geometric_mean_rank": 0.015243851579725742,
        "inverse_harmonic_mean_rank": 0.07213028520345688,
        "inverse_median_rank": 0.010638297535479069,
        "median_absolute_deviation": 131.95159912109375,
        "median_rank": 94.0,
        "standard_deviation": 186.04965209960938,
        "variance": 34614.47265625,
        "z_arithmetic_mean_rank": 13.123036034754954,
        "z_geometric_mean_rank": 12.463264166265148,
        "z_hits_at_k": 24.064501419637015,
        "z_inverse_harmonic_mean_rank": 20.709937148784007
      }
    },
    "head": {
      "optimistic": {
        "adjusted_arithmetic_mean_rank": 0.6383763037491598,
        "adjusted_arithmetic_mean_rank_index": 0.3627406199021206,
        "adjusted_geometric_mean_rank_index": 0.7018536573440652,
        "adjusted_hits_at_k": 0.19888424685774572,
        "adjusted_inverse_harmonic_mean_rank": 0.07226246290179723,
        "arithmetic_mean_rank": 207.32394366197184,
        "count": 142.0,
        "geometric_mean_rank": 72.44852488351809,
        "harmonic_mean_rank": 12.140194442296183,
        "hits_at_1": 0.0,
        "hits_at_10": 0.2112676056338028,
        "hits_at_3": 0.13380281690140844,
        "hits_at_5": 0.1619718309859155,
        "inverse_arithmetic_mean_rank": 0.004823369565217391,
        "inverse_geometric_mean_rank": 0.013802903531959948,
        "inverse_harmonic_mean_rank": 0.08237100359085033,
        "inverse_median_rank": 0.006644518272425249,
        "median_absolute_deviation": 209.78821391854268,
        "median_rank": 150.5,
        "standard_deviation": 200.60396655732418,
        "variance": 40241.95139853204,
        "z_arithmetic_mean_rank": 7.46713262029655,
        "z_geometric_mean_rank": 8.544112781409066,
        "z_hits_at_k": 18.914714403505315,
        "z_inverse_harmonic_mean_rank": 17.309021095238563
      },
      "pessimistic": {
        "adjusted_arithmetic_mean_rank": 0.6383763037491598,
        "adjusted_arithmetic_mean_rank_index": 0.3627406199021206,
        "adjusted_geometric_mean_rank_index": 0.7018536573440652,
        "adjusted_hits_at_k": 0.19888424685774572,
        "adjusted_inverse_harmonic_mean_rank": 0.07226246290179723,
        "arithmetic_mean_rank": 207.32394366197184,
        "count": 142.0,
        "geometric_mean_rank": 72.44852488351809,
        "harmonic_mean_rank": 12.140194442296183,
        "hits_at_1": 0.0,
        "hits_at_10": 0.2112676056338028,
        "hits_at_3": 0.13380281690140844,
        "hits_at_5": 0.1619718309859155,
        "inverse_arithmetic_mean_rank": 0.004823369565217391,
        "inverse_geometric_mean_rank": 0.013802903531959948,
        "inverse_harmonic_mean_rank": 0.08237100359085033,
        "inverse_median_rank": 0.006644518272425249,
        "median_absolute_deviation": 209.78821391854268,
        "median_rank": 150.5,
        "standard_deviation": 200.60396655732418,
        "variance": 40241.95139853204,
        "z_arithmetic_mean_rank": 7.46713262029655,
        "z_geometric_mean_rank": 8.544112781409066,
        "z_hits_at_k": 18.914714403505315,
        "z_inverse_harmonic_mean_rank": 17.309021095238563
      },
      "realistic": {
        "adjusted_arithmetic_mean_rank": 0.6383763050726446,
        "adjusted_arithmetic_mean_rank_index": 0.36274061857454787,
        "adjusted_geometric_mean_rank_index": 0.7018535953752127,